,Teplota,Napětí
0,16.29700786718186,10.129451024169224
1,16.697799693965575,19.95662001100827
2,10.802959538762936,13.762802624778697
3,11.64882502029524,19.544422005687018
4,16.319214638921302,10.987793920341831
